day,category,title,main,answer_or_note
1,vocab,allocate,"배정하다, 할당하다",The finance director allocated additional funds to the training program.
1,expression,be eligible for,~할 자격이 있다,Full-time employees are eligible for tuition assistance after six months.
1,sentence,Day 1 암기문장,The committee requested a more accurate estimate before approving the renovation budget.,정답 문장: The committee requested a more accurate estimate before approving the renovation budget.
1,grammar,품사: 형용사 자리,관사와 명사 사이에는 보통 형용사가 옵니다.,more 뒤에서 estimate를 수식하므로 형용사 accurate가 맞습니다.
1,practice,Part 5 실전문제,The committee requested a more _____ estimate before approving the renovation budget.,accurate
2,vocab,comply,준수하다,All contractors must comply with the updated safety regulations.
2,expression,comply with,~을 준수하다,All visitors must comply with the building’s security procedures.
2,sentence,Day 2 암기문장,All expense claims must be carefully reviewed before payment is authorized.,정답 문장: All expense claims must be carefully reviewed before payment is authorized.
2,grammar,품사: 부사 자리,동사·형용사·다른 부사를 수식하는 자리는 부사입니다.,reviewed를 수식하는 부사 carefully가 필요합니다.
2,practice,Part 5 실전문제,All expense claims must be _____ reviewed before payment is authorized.,carefully
3,vocab,mandatory,의무적인,Attendance at the orientation session is mandatory for new employees.
3,expression,in accordance with,~에 따라,Refunds will be issued in accordance with the company policy.
3,sentence,Day 3 암기문장,The consultant’s analysis of the market was included in the final report.,정답 문장: The consultant’s analysis of the market was included in the final report.
3,grammar,품사: 명사 자리,소유격 뒤에는 명사가 옵니다.,소유격 consultant’s 뒤에는 명사 analysis가 옵니다.
3,practice,Part 5 실전문제,The consultant’s _____ of the market was included in the final report.,analysis
4,vocab,reimburse,"변제하다, 상환하다",The company will reimburse employees for approved travel expenses.
4,expression,ahead of schedule,예정보다 일찍,The renovation was completed two weeks ahead of schedule.
4,sentence,Day 4 암기문장,The new software can categorize customer requests according to priority.,정답 문장: The new software can categorize customer requests according to priority.
4,grammar,품사: 동사 자리,조동사 뒤에는 동사원형이 옵니다.,조동사 can 뒤에는 동사원형 categorize가 맞습니다.
4,practice,Part 5 실전문제,The new software can _____ customer requests according to priority.,categorize
5,vocab,tentative,잠정적인,A tentative schedule will be circulated before the final meeting date is confirmed.
5,expression,behind schedule,예정보다 늦게,The software update is running slightly behind schedule.
5,sentence,Day 5 암기문장,The manager thanked the staff for their active participation in the workshop.,정답 문장: The manager thanked the staff for their active participation in the workshop.
5,grammar,품사: -tion 명사,전치사 뒤에는 명사 또는 동명사가 옵니다.,소유격 their와 형용사 active 뒤에는 명사 participation이 필요합니다.
5,practice,Part 5 실전문제,The manager thanked the staff for their active _____ in the workshop.,participation
6,vocab,consecutive,연속적인,Sales increased for the third consecutive quarter.
6,expression,on behalf of,~을 대표하여,I am writing on behalf of the regional sales team.
6,sentence,Day 6 암기문장,Applicants should contact the program coordinator if they need additional information.,정답 문장: Applicants should contact the program coordinator if they need additional information.
6,grammar,품사: 사람 명사,문맥상 업무를 수행하는 사람을 나타내는 명사가 필요합니다.,연락 대상인 사람을 뜻하는 coordinator가 맞습니다.
6,practice,Part 5 실전문제,Applicants should contact the program _____ if they need additional information.,coordinator
7,vocab,deteriorate,악화되다,The condition of the equipment may deteriorate without regular maintenance.
7,expression,due to,~ 때문에,The flight was delayed due to heavy fog.
7,sentence,Day 7 암기문장,The company introduced several effective measures to reduce energy use.,정답 문장: The company introduced several effective measures to reduce energy use.
7,grammar,품사: -ive 형용사,명사 앞에서 성격을 나타내는 형용사가 필요합니다.,measures를 수식하는 형용사 effective가 맞습니다.
7,practice,Part 5 실전문제,The company introduced several _____ measures to reduce energy use.,effective
8,vocab,facilitate,"촉진하다, 용이하게 하다",The new platform facilitates communication among regional offices.
8,expression,in response to,~에 응하여,The company expanded support hours in response to customer feedback.
8,sentence,Day 8 암기문장,The revised application form is considerably simpler than the previous version.,정답 문장: The revised application form is considerably simpler than the previous version.
8,grammar,품사: 부사와 형용사,형용사 앞에는 정도를 나타내는 부사가 옵니다.,than이 있으므로 비교급 simpler가 맞고 considerably가 이를 수식합니다.
8,practice,Part 5 실전문제,The revised application form is considerably _____ than the previous version.,simpler
9,vocab,eligible,자격이 있는,Employees who have completed one year of service are eligible for the bonus.
9,expression,in charge of,~을 담당하는,Ms. Patel is in charge of coordinating the annual conference.
9,sentence,Day 9 암기문장,All visitors must wear an identification badge while inside the research facility.,정답 문장: All visitors must wear an identification badge while inside the research facility.
9,grammar,명사 복합어: identification badge,앞 명사가 뒤 명사의 용도를 설명하는 복합명사를 익힙니다.,identification이 badge의 용도를 설명하는 복합명사 identification badge가 자연스럽습니다.
9,practice,Part 5 실전문제,All visitors must wear an identification _____ while inside the research facility.,badge
10,vocab,designate,지정하다,The lobby has been designated as the registration area.
10,expression,be responsible for,~을 책임지다,The facilities team is responsible for maintaining the elevators.
10,sentence,Day 10 암기문장,The firm reduced processing time by eliminating several approval steps.,정답 문장: The firm reduced processing time by eliminating several approval steps.
10,grammar,품사: 동명사,전치사 by 뒤에는 동명사가 옵니다.,전치사 by 뒤에는 동명사 eliminating이 필요합니다.
10,practice,Part 5 실전문제,The firm reduced processing time by _____ several approval steps.,eliminating
11,vocab,confidential,기밀의,Please keep all client information confidential.
11,expression,take effect,효력이 발생하다,The revised pricing policy will take effect on September 1.
11,sentence,Day 11 암기문장,Ms. Ortiz has served as regional director since the branch opened in 2021.,정답 문장: Ms. Ortiz has served as regional director since the branch opened in 2021.
11,grammar,시제: 현재완료,과거부터 현재까지 이어진 기간에는 현재완료가 적합합니다.,since + 과거 시점과 현재까지의 계속이므로 has served입니다.
11,practice,Part 5 실전문제,Ms. Ortiz _____ as regional director since the branch opened in 2021.,has served
12,vocab,prospective,"장래의, 잠재적인",Prospective tenants may tour the building by appointment.
12,expression,meet a deadline,마감일을 지키다,Additional staff were assigned to help the team meet the deadline.
12,sentence,Day 12 암기문장,"By the time the inspector arrived, the maintenance crew had replaced the faulty valve.","정답 문장: By the time the inspector arrived, the maintenance crew had replaced the faulty valve."
12,grammar,시제: 과거완료,과거의 두 사건 중 먼저 일어난 사건에는 과거완료를 씁니다.,arrived보다 먼저 완료된 일이므로 had replaced가 맞습니다.
12,practice,Part 5 실전문제,"By the time the inspector arrived, the maintenance crew _____ the faulty valve.",had replaced
13,vocab,discrepancy,"불일치, 차이",The auditor found a discrepancy between the invoice and the payment record.
13,expression,file a complaint,불만을 제기하다,Customers may file a complaint through the online service center.
13,sentence,Day 13 암기문장,"By next Friday, the accounting team will have processed all outstanding invoices.","정답 문장: By next Friday, the accounting team will have processed all outstanding invoices."
13,grammar,시제: 미래완료,미래 특정 시점까지 완료될 일을 나타냅니다.,By next Friday와 완료 의미이므로 미래완료가 맞습니다.
13,practice,Part 5 실전문제,"By next Friday, the accounting team _____ all outstanding invoices.",will have processed
14,vocab,accommodate,"수용하다, 편의를 제공하다",The conference room can accommodate up to eighty participants.
14,expression,place an order,주문하다,Please place your order before noon for same-day delivery.
14,sentence,Day 14 암기문장,The purchasing manager is meeting with three vendors tomorrow morning.,정답 문장: The purchasing manager is meeting with three vendors tomorrow morning.
14,grammar,시제: 일정의 현재진행,확정된 가까운 미래 일정은 현재진행형으로 표현할 수 있습니다.,tomorrow morning의 확정된 약속이므로 is meeting이 자연스럽습니다.
14,practice,Part 5 실전문제,The purchasing manager _____ with three vendors tomorrow morning.,is meeting
15,vocab,inventory,"재고, 재고품",The warehouse staff conducts a complete inventory every month.
15,expression,issue a refund,환불금을 지급하다,The store issued a full refund for the damaged item.
15,sentence,Day 15 암기문장,All confidential documents must be stored in a locked cabinet.,정답 문장: All confidential documents must be stored in a locked cabinet.
15,grammar,수동태,행위의 대상이 주어일 때 수동태를 사용합니다.,문서가 보관되는 대상이므로 must be stored가 맞습니다.
15,practice,Part 5 실전문제,All confidential documents must _____ in a locked cabinet.,be stored
16,vocab,premises,"구내, 사업장",Smoking is prohibited anywhere on the company premises.
16,expression,reach an agreement,합의에 이르다,The two companies reached an agreement after several weeks of negotiation.
16,sentence,Day 16 암기문장,The final design has been approved by both the client and the engineering team.,정답 문장: The final design has been approved by both the client and the engineering team.
16,grammar,수동태와 완료,현재까지 완료된 수동 동작에는 현재완료 수동태를 씁니다.,디자인이 승인받은 것이므로 has been approved입니다.
16,practice,Part 5 실전문제,The final design _____ by both the client and the engineering team.,has been approved
17,vocab,renovation,"개조, 보수 공사",The restaurant will remain closed during the renovation.
17,expression,conduct a survey,설문조사를 실시하다,The marketing team conducted a survey of recent customers.
17,sentence,Day 17 암기문장,Each of the proposals includes a detailed cost estimate.,정답 문장: Each of the proposals includes a detailed cost estimate.
17,grammar,주어동사 일치: each,each of + 복수명사 뒤의 동사는 단수 취급합니다.,주어의 핵심은 Each이므로 단수 동사 includes가 맞습니다.
17,practice,Part 5 실전문제,Each of the proposals _____ a detailed cost estimate.,includes
18,vocab,merger,합병,The merger is expected to reduce administrative costs.
18,expression,draw up a contract,계약서를 작성하다,The legal department will draw up a contract for the new partnership.
18,sentence,Day 18 암기문장,The marketing director and her assistant update the presentation every quarter.,정답 문장: The marketing director and her assistant update the presentation every quarter.
18,grammar,주어동사 일치: 복합주어,A and B는 일반적으로 복수 동사를 취합니다.,두 사람이 and로 연결되어 복수 동사 update가 맞습니다.
18,practice,Part 5 실전문제,The marketing director and her assistant _____ the presentation every quarter.,update
19,vocab,subsidiary,자회사,The firm opened a new subsidiary in Singapore last year.
19,expression,launch a campaign,캠페인을 시작하다,The company launched a campaign to promote its new service.
19,sentence,Day 19 암기문장,Either the supervisors or the plant manager signs the final inspection report.,정답 문장: Either the supervisors or the plant manager signs the final inspection report.
19,grammar,주어동사 일치: either or,either A or B에서는 가까운 주어에 수를 맞춥니다.,가까운 주어 plant manager가 단수이므로 signs가 맞습니다.
19,practice,Part 5 실전문제,Either the supervisors or the plant manager _____ the final inspection report.,signs
20,vocab,warranty,"보증서, 품질보증",The printer is covered by a two-year warranty.
20,expression,make a reservation,예약하다,Guests are advised to make a reservation in advance.
20,sentence,Day 20 암기문장,The information in the updated handbook is useful to new employees.,정답 문장: The information in the updated handbook is useful to new employees.
20,grammar,가산·불가산 명사,information은 불가산 명사이므로 단수 취급합니다.,information은 불가산 단수이므로 is가 맞습니다.
20,practice,Part 5 실전문제,The information in the updated handbook _____ useful to new employees.,is
21,vocab,malfunction,"오작동, 오작동하다",A sensor malfunction caused the production line to stop.
21,expression,confirm availability,이용 가능 여부를 확인하다,Call the venue to confirm availability before sending invitations.
21,sentence,Day 21 암기문장,Employees who work remotely must update their contact information.,정답 문장: Employees who work remotely must update their contact information.
21,grammar,관계대명사 who,사람을 선행사로 하고 주어 역할을 하면 who를 씁니다.,선행사 Employees를 받고 관계절의 주어 역할을 하므로 who입니다.
21,practice,Part 5 실전문제,Employees _____ work remotely must update their contact information.,who
22,vocab,procurement,"조달, 구매",The procurement department is evaluating several suppliers.
22,expression,submit an application,신청서를 제출하다,Candidates must submit an application by Friday.
22,sentence,Day 22 암기문장,"The report, which was released yesterday, contains revised sales figures.","정답 문장: The report, which was released yesterday, contains revised sales figures."
22,grammar,관계대명사 which,사물을 선행사로 하면 which가 적합합니다.,선행사 report를 받는 계속적 용법의 which가 맞습니다.
22,practice,Part 5 실전문제,"The report, _____ was released yesterday, contains revised sales figures.",which
23,vocab,itinerary,여행 일정표,Your final itinerary will be sent by e-mail tomorrow.
23,expression,undergo renovation,보수 공사를 받다,The lobby will undergo renovation throughout July.
23,sentence,Day 23 암기문장,The consultant whose recommendations were adopted will return next month.,정답 문장: The consultant whose recommendations were adopted will return next month.
23,grammar,관계대명사 whose,소유 관계를 나타낼 때 whose를 사용합니다.,recommendations의 소유자를 나타내므로 whose가 맞습니다.
23,practice,Part 5 실전문제,The consultant _____ recommendations were adopted will return next month.,whose
24,vocab,concession,"양보, 할인 혜택",The landlord offered a rent concession during the renovation period.
24,expression,waive a fee,수수료를 면제하다,The hotel agreed to waive the cancellation fee.
24,sentence,Day 24 암기문장,The company opened a service center where customers can test new products.,정답 문장: The company opened a service center where customers can test new products.
24,grammar,관계부사 where,장소 선행사 뒤에서 완전한 문장을 이끌면 where를 씁니다.,service center는 장소이며 뒤 문장이 완전하므로 where가 맞습니다.
24,practice,Part 5 실전문제,The company opened a service center _____ customers can test new products.,where
25,vocab,endorse,"승인하다, 지지하다",The board unanimously endorsed the revised proposal.
25,expression,renew a subscription,구독을 갱신하다,Subscribers can renew their subscription through the mobile app.
25,sentence,Day 25 암기문장,Customers wishing to cancel a reservation must call before 6 P.M.,정답 문장: Customers wishing to cancel a reservation must call before 6 P.M.
25,grammar,축약 관계절: 현재분사,능동 의미의 관계절은 현재분사로 축약할 수 있습니다.,who wish가 축약된 능동 현재분사 wishing이 맞습니다.
25,practice,Part 5 실전문제,Customers _____ to cancel a reservation must call before 6 P.M.,wishing
26,vocab,rectify,바로잡다,The accounting team acted quickly to rectify the billing error.
26,expression,remain in effect,계속 유효하다,The warranty will remain in effect until the end of the year.
26,sentence,Day 26 암기문장,The products featured in this catalog are available only online.,정답 문장: The products featured in this catalog are available only online.
26,grammar,축약 관계절: 과거분사,수동 의미의 관계절은 과거분사로 축약할 수 있습니다.,products가 소개되는 수동 관계이므로 featured가 맞습니다.
26,practice,Part 5 실전문제,The products _____ in this catalog are available only online.,featured
27,vocab,retain,"유지하다, 보유하다",The company introduced flexible hours to retain experienced staff.
27,expression,at no additional charge,추가 비용 없이,Breakfast is available to all guests at no additional charge.
27,sentence,Day 27 암기문장,The director confirmed that the new policy would begin in October.,정답 문장: The director confirmed that the new policy would begin in October.
27,grammar,명사절 that,완전한 문장을 목적어로 이끄는 접속사 that을 사용합니다.,confirmed의 목적어로 완전한 절을 이끄는 that이 맞습니다.
27,practice,Part 5 실전문제,The director confirmed _____ the new policy would begin in October.,that
28,vocab,expedite,신속히 처리하다,Please provide the order number so that we can expedite your request.
28,expression,subject to change,변경될 수 있는,The schedule is subject to change without prior notice.
28,sentence,Day 28 암기문장,Please tell the technician what happened before the system shut down.,정답 문장: Please tell the technician what happened before the system shut down.
28,grammar,명사절 what,what은 ‘the thing that’ 의미로 절 안에서 성분 역할을 합니다.,happened의 주어이면서 ‘무슨 일이’라는 뜻의 what이 맞습니다.
28,practice,Part 5 실전문제,Please tell the technician _____ happened before the system shut down.,what
29,vocab,inquire,문의하다,Several customers called to inquire about the warranty policy.
29,expression,prior to,~에 앞서,All equipment must be inspected prior to use.
29,sentence,Day 29 암기문장,The committee discussed whether to approve the proposal immediately.,정답 문장: The committee discussed whether to approve the proposal immediately.
29,grammar,whether와 if,전치사 뒤에서는 whether가 자연스럽습니다.,whether + to부정사 구조가 맞습니다.
29,practice,Part 5 실전문제,The committee discussed whether _____ the proposal immediately.,to approve
30,vocab,vacancy,"공석, 빈방",The hotel has no vacancies during the holiday weekend.
30,expression,no later than,늦어도 ~까지,Expense reports must be submitted no later than Monday.
30,sentence,Day 30 암기문장,Could you explain why the shipment was delayed?,정답 문장: Could you explain why the shipment was delayed?
30,grammar,간접의문문 어순,간접의문문은 의문사 뒤에 평서문 어순을 씁니다.,why 뒤에는 주어 + 동사의 평서문 어순이 필요합니다.
30,practice,Part 5 실전문제,Could you explain why the shipment _____ delayed?,was
31,vocab,orientation,"오리엔테이션, 적응 교육",New hires must attend an orientation on Monday morning.
31,expression,as soon as possible,가능한 한 빨리,Please return the signed document as soon as possible.
31,sentence,Day 31 암기문장,"Although the forecast predicted rain, the outdoor event continued as planned.","정답 문장: Although the forecast predicted rain, the outdoor event continued as planned."
31,grammar,접속사 although,although 뒤에는 주어와 동사가 있는 절이 옵니다.,뒤에 완전한 절이 있으므로 접속사 Although가 맞습니다.
31,practice,Part 5 실전문제,"_____ the forecast predicted rain, the outdoor event continued as planned.",Although
32,vocab,appraisal,"평가, 감정",Annual performance appraisals will begin next week.
32,expression,be scheduled to,~할 예정이다,The new branch is scheduled to open in October.
32,sentence,Day 32 암기문장,"Despite a temporary power outage, the store remained open.","정답 문장: Despite a temporary power outage, the store remained open."
32,grammar,전치사 despite,despite 뒤에는 명사구가 옵니다.,뒤에 명사구가 있으므로 전치사 Despite가 맞습니다.
32,practice,Part 5 실전문제,"_____ a temporary power outage, the store remained open.",Despite
33,vocab,incentive,"장려책, 성과급",The sales incentive is designed to reward top performers.
33,expression,be expected to,~할 것으로 예상되다,Demand is expected to increase during the holiday season.
33,sentence,Day 33 암기문장,The delivery was postponed because the roads were closed.,정답 문장: The delivery was postponed because the roads were closed.
33,grammar,because와 because of,"because 뒤에는 절, because of 뒤에는 명사구가 옵니다.",뒤에 주어와 동사가 있으므로 because가 맞습니다.
33,practice,Part 5 실전문제,The delivery was postponed _____ the roads were closed.,because
34,vocab,turnover,"이직률, 매출액, 회전율",Improved benefits helped reduce employee turnover.
34,expression,be likely to,~할 가능성이 높다,Prices are likely to remain stable this quarter.
34,sentence,Day 34 암기문장,Visitors must wear identification badges while they are in the laboratory.,정답 문장: Visitors must wear identification badges while they are in the laboratory.
34,grammar,while와 during,"while 뒤에는 절, during 뒤에는 명사가 옵니다.",뒤에 주어와 동사가 있으므로 while이 맞습니다.
34,practice,Part 5 실전문제,Visitors must wear identification badges _____ they are in the laboratory.,while
35,vocab,surplus,"잉여, 초과분",The store donated its surplus inventory to a local charity.
35,expression,in the event of,~의 경우에,"In the event of an emergency, use the nearest exit."
35,sentence,Day 35 암기문장,Your reservation will be canceled unless payment is received by noon.,정답 문장: Your reservation will be canceled unless payment is received by noon.
35,grammar,unless,unless는 ‘if not’의 의미입니다.,정오까지 지급되지 않으면 취소된다는 의미이므로 unless가 맞습니다.
35,practice,Part 5 실전문제,Your reservation will be canceled _____ payment is received by noon.,unless
36,vocab,deficit,"적자, 부족액",The department reduced its budget deficit by cutting unnecessary expenses.
36,expression,at the request of,~의 요청으로,The meeting was postponed at the request of the client.
36,sentence,Day 36 암기문장,"Employees may work from home, provided that they remain available during business hours.","정답 문장: Employees may work from home, provided that they remain available during business hours."
36,grammar,provided that,조건을 나타내는 provided that을 익힙니다.,뒤 조건이 충족되는 경우 허용된다는 의미입니다.
36,practice,Part 5 실전문제,"Employees may work from home, _____ they remain available during business hours.",provided that
37,vocab,shipment,"선적품, 배송",The shipment was delayed because of severe weather.
37,expression,with regard to,~에 관하여,I am contacting you with regard to your recent inquiry.
37,sentence,Day 37 암기문장,Please submit the revised draft by 5 P.M. on Wednesday.,정답 문장: Please submit the revised draft by 5 P.M. on Wednesday.
37,grammar,until과 by,"by는 기한까지 완료, until은 그때까지 지속입니다.",제출 완료의 마감 시점을 나타내므로 by가 맞습니다.
37,practice,Part 5 실전문제,Please submit the revised draft _____ 5 P.M. on Wednesday.,by
38,vocab,consignment,"위탁 판매품, 탁송품",The consignment arrived at the distribution center this morning.
38,expression,in addition to,~에 더하여,"In addition to salary, the position includes travel benefits."
38,sentence,Day 38 암기문장,The museum has offered free admission for three consecutive years.,정답 문장: The museum has offered free admission for three consecutive years.
38,grammar,since와 for,for 뒤에는 기간이 옵니다.,three consecutive years는 기간이므로 for가 맞습니다.
38,practice,Part 5 실전문제,The museum has offered free admission _____ three consecutive years.,for
39,vocab,warehouse,창고,The products are stored in a temperature-controlled warehouse.
39,expression,regardless of,~와 관계없이,The discount applies regardless of the order size.
39,sentence,Day 39 암기문장,All participants must register online prior to arrival at the venue.,정답 문장: All participants must register online prior to arrival at the venue.
39,grammar,before와 prior to,prior to는 전치사로 명사/동명사를 취합니다.,prior to 뒤에는 명사 arrival이 맞습니다.
39,practice,Part 5 실전문제,All participants must register online prior to _____ at the venue.,arrival
40,vocab,invoice,"송장, 청구서",Please review the invoice before authorizing payment.
40,expression,according to,~에 따르면,"According to the report, online sales grew by twelve percent."
40,sentence,Day 40 암기문장,The award was divided among the three project teams.,정답 문장: The award was divided among the three project teams.
40,grammar,between와 among,"둘 사이에는 between, 셋 이상 집단에는 among을 씁니다.",세 팀 집단 사이의 분배이므로 among이 자연스럽습니다.
40,practice,Part 5 실전문제,The award was divided _____ the three project teams.,among
41,vocab,overdue,"기한이 지난, 연체된",A reminder was sent regarding the overdue payment.
41,expression,by means of,~을 이용하여,The documents were transmitted by means of a secure server.
41,sentence,Day 41 암기문장,Employees can access the archive by means of a secure online portal.,정답 문장: Employees can access the archive by means of a secure online portal.
41,grammar,전치사 by means of,수단을 나타내는 격식 표현입니다.,보안 포털이라는 수단을 나타내므로 by means of가 맞습니다.
41,practice,Part 5 실전문제,Employees can access the archive _____ a secure online portal.,by means of
42,vocab,waive,"면제하다, 포기하다",The bank agreed to waive the transaction fee.
42,expression,for the purpose of,~할 목적으로,The data were collected for the purpose of improving service quality.
42,sentence,Day 42 암기문장,The store extended its hours in response to repeated customer requests.,정답 문장: The store extended its hours in response to repeated customer requests.
42,grammar,전치사 in response to,반응의 대상 앞에 씁니다.,고객 요청에 대응하여 연장했다는 의미입니다.
42,practice,Part 5 실전문제,The store extended its hours _____ repeated customer requests.,in response to
43,vocab,exempt,"면제된, 면제하다",Certain nonprofit organizations are exempt from the tax.
43,expression,with the exception of,~을 제외하고,"All offices will be open, with the exception of the downtown branch."
43,sentence,Day 43 암기문장,"The initial estimate was low; however, material costs rose sharply during construction.","정답 문장: The initial estimate was low; however, material costs rose sharply during construction."
43,grammar,접속부사 however,접속부사는 앞뒤 문장 관계를 논리적으로 연결합니다.,예상과 반대되는 사실을 연결하므로 however가 맞습니다.
43,practice,Part 5 실전문제,"The initial estimate was low; _____, material costs rose sharply during construction.",however
44,vocab,adjacent,인접한,Additional parking is available in the lot adjacent to the building.
44,expression,in advance,미리,Participants should register at least one week in advance.
44,sentence,Day 44 암기문장,"The shipment arrived after the deadline; therefore, the client refused delivery.","정답 문장: The shipment arrived after the deadline; therefore, the client refused delivery."
44,grammar,접속부사 therefore,원인에 따른 결과에는 therefore를 사용합니다.,지연 도착의 결과로 수령을 거부했으므로 therefore입니다.
44,practice,Part 5 실전문제,"The shipment arrived after the deadline; _____, the client refused delivery.",therefore
45,vocab,complimentary,"무료의, 칭찬하는",Guests receive a complimentary breakfast each morning.
45,expression,on short notice,촉박한 통보로,Thank you for attending the meeting on such short notice.
45,sentence,Day 45 암기문장,"The new printer is faster than the previous model; moreover, it uses less energy.","정답 문장: The new printer is faster than the previous model; moreover, it uses less energy."
45,grammar,접속부사 moreover,같은 방향의 추가 정보에는 moreover를 씁니다.,추가 장점을 덧붙이므로 moreover가 맞습니다.
45,practice,Part 5 실전문제,"The new printer is faster than the previous model; _____, it uses less energy.",moreover
46,vocab,amenity,편의시설,The renovated fitness center is one of the hotel’s most popular amenities.
46,expression,at your convenience,편하실 때,Please review the proposal at your convenience.
46,sentence,Day 46 암기문장,The voucher may be used at any branch as long as it has not expired.,정답 문장: The voucher may be used at any branch as long as it has not expired.
46,grammar,조건 as long as,필요 조건을 나타냅니다.,유효기간이 지나지 않았다는 조건입니다.
46,practice,Part 5 실전문제,The voucher may be used at any branch _____ it has not expired.,as long as
47,vocab,occupancy,"점유, 객실 점유율",Hotel occupancy reached ninety percent in July.
47,expression,within walking distance,도보 거리 내에,The hotel is within walking distance of the convention center.
47,sentence,Day 47 암기문장,Please label each box clearly so that it can be delivered to the correct department.,정답 문장: Please label each box clearly so that it can be delivered to the correct department.
47,grammar,목적 so that,목적을 나타내는 so that 뒤에는 절이 옵니다.,정확한 부서로 배송되도록 하는 목적입니다.
47,practice,Part 5 실전문제,Please label each box clearly _____ it can be delivered to the correct department.,so that
48,vocab,reservation,예약,We recommend making a reservation at least two weeks in advance.
48,expression,in compliance with,~을 준수하여,The facility was upgraded in compliance with new regulations.
48,sentence,Day 48 암기문장,"Even though the restaurant was fully booked, the manager found us a table.","정답 문장: Even though the restaurant was fully booked, the manager found us a table."
48,grammar,양보 even though,강한 양보 관계를 나타냅니다.,만석이었음에도 자리를 마련했다는 양보 관계입니다.
48,practice,Part 5 실전문제,"_____ the restaurant was fully booked, the manager found us a table.",Even though
49,vocab,cancellation,취소,A cancellation fee applies to appointments missed without notice.
49,expression,in excess of,~을 초과하여,Orders in excess of $500 qualify for free shipping.
49,sentence,Day 49 암기문장,Several employees were surprised by the sudden policy change.,정답 문장: Several employees were surprised by the sudden policy change.
49,grammar,분사형용사 -ed/-ing,"사람의 감정은 -ed, 감정을 유발하는 대상은 -ing가 일반적입니다.",직원이 놀란 감정을 느끼므로 surprised가 맞습니다.
49,practice,Part 5 실전문제,Several employees were _____ by the sudden policy change.,surprised
50,vocab,venue,행사 장소,The organizers selected a larger venue for the annual banquet.
50,expression,on a regular basis,정기적으로,Safety equipment is inspected on a regular basis.
50,sentence,Day 50 암기문장,The company is seeking candidates with extensive experience in international sales.,정답 문장: The company is seeking candidates with extensive experience in international sales.
50,grammar,형용사 자리: extensive experience,전치사 with 뒤의 명사구에서 명사 experience를 수식하는 형용사가 필요합니다.,명사 experience를 수식하는 형용사 extensive가 필요합니다. extensively는 부사입니다.
50,practice,Part 5 실전문제,The company is seeking candidates with _____ experience in international sales.,extensive
51,vocab,keynote,"기조연설, 기조의",The keynote speaker will discuss trends in renewable energy.
51,expression,under warranty,보증기간 중인,Repairs are free while the device is under warranty.
51,sentence,Day 51 암기문장,Only applications received before the deadline will be considered.,정답 문장: Only applications received before the deadline will be considered.
51,grammar,과거분사 수식,수동·완료 의미의 명사 수식에는 과거분사를 씁니다.,applications가 접수되는 대상이므로 received가 맞습니다.
51,practice,Part 5 실전문제,Only applications _____ before the deadline will be considered.,received
52,vocab,attendee,참석자,Each attendee will receive a name badge at registration.
52,expression,out of stock,품절된,The item is temporarily out of stock.
52,sentence,Day 52 암기문장,The committee postponed making a final decision until more data were available.,정답 문장: The committee postponed making a final decision until more data were available.
52,grammar,동명사 목적어,"avoid, consider, postpone 뒤에는 동명사가 옵니다.",postpone 뒤에는 동명사 making이 맞습니다.
52,practice,Part 5 실전문제,The committee postponed _____ a final decision until more data were available.,making
53,vocab,agenda,"의제, 일정표",The revised agenda includes a discussion of the new policy.
53,expression,in high demand,수요가 많은,Larger conference rooms are in high demand this month.
53,sentence,Day 53 암기문장,The retailer plans to open two additional locations next year.,정답 문장: The retailer plans to open two additional locations next year.
53,grammar,to부정사 목적어,"plan, decide, hope 뒤에는 to부정사가 옵니다.",plan to do 구조가 맞습니다.
53,practice,Part 5 실전문제,The retailer plans _____ two additional locations next year.,to open
54,vocab,postpone,연기하다,The committee postponed the vote until additional data became available.
54,expression,in good condition,상태가 좋은,Please return the equipment in good condition.
54,sentence,Day 54 암기문장,The organization is committed to improving workplace safety.,정답 문장: The organization is committed to improving workplace safety.
54,grammar,전치사 to와 동명사,be committed to의 to는 전치사입니다.,전치사 to 뒤에 동명사 improving이 맞습니다.
54,practice,Part 5 실전문제,The organization is committed to _____ workplace safety.,improving
55,vocab,reschedule,일정을 다시 잡다,We need to reschedule the interview for Thursday afternoon.
55,expression,at a reduced rate,할인된 요금으로,Members can attend the seminar at a reduced rate.
55,sentence,Day 55 암기문장,The new policy allows employees to carry unused vacation days to the next year.,정답 문장: The new policy allows employees to carry unused vacation days to the next year.
55,grammar,목적격 보어 to부정사,allow 사람 to do 구조를 익힙니다.,allow + 목적어 + to부정사 구조입니다.
55,practice,Part 5 실전문제,The new policy allows employees _____ unused vacation days to the next year.,to carry
56,vocab,notify,통지하다,Applicants will be notified of the results by Friday.
56,expression,make arrangements,"준비하다, 조정하다",Our assistant will make arrangements for airport transportation.
56,sentence,Day 56 암기문장,The unexpected delay made the team revise the entire schedule.,정답 문장: The unexpected delay made the team revise the entire schedule.
56,grammar,사역동사 make,make + 목적어 + 동사원형을 씁니다.,사역동사 make 뒤의 목적격 보어는 동사원형입니다.
56,practice,Part 5 실전문제,The unexpected delay made the team _____ the entire schedule.,revise
57,vocab,implement,"시행하다, 구현하다",The company will implement the new security procedure next month.
57,expression,take into account,~을 고려하다,The committee will take customer feedback into account.
57,sentence,Day 57 암기문장,The new checklist will help staff avoid common filing errors.,정답 문장: The new checklist will help staff avoid common filing errors.
57,grammar,help의 목적격 보어,help 뒤에는 동사원형 또는 to부정사가 가능합니다.,help + 목적어 + 동사원형 avoid가 맞습니다.
57,practice,Part 5 실전문제,The new checklist will help staff _____ common filing errors.,avoid
58,vocab,undergo,"겪다, 받다",The main lobby is undergoing extensive renovation.
58,expression,bring to one’s attention,~에게 알리다,We would like to bring this billing error to your attention.
58,sentence,Day 58 암기문장,Remote employees are used to attending meetings by video conference.,정답 문장: Remote employees are used to attending meetings by video conference.
58,grammar,used to와 be used to,be used to 뒤에는 명사/동명사가 옵니다.,be used to에서 to는 전치사이므로 attending이 맞습니다.
58,practice,Part 5 실전문제,Remote employees are used to _____ meetings by video conference.,attending
59,vocab,anticipate,예상하다,Analysts anticipate strong demand during the holiday season.
59,expression,keep track of,~을 계속 파악하다,The app helps users keep track of monthly expenses.
59,sentence,Day 59 암기문장,The package was too large to fit in the standard locker.,정답 문장: The package was too large to fit in the standard locker.
59,grammar,too ... to,too + 형용사 + to부정사는 ‘너무 ~해서 …할 수 없다’입니다.,too large to fit 구조가 맞습니다.
59,practice,Part 5 실전문제,The package was too large _____ in the standard locker.,to fit
60,vocab,forecast,"예측, 예측하다",The latest forecast indicates moderate growth in exports.
60,expression,make up for,"~을 보상하다, 만회하다",The supplier offered a discount to make up for the delay.
60,sentence,Day 60 암기문장,The instructions are clear enough for new users to follow without assistance.,정답 문장: The instructions are clear enough for new users to follow without assistance.
60,grammar,형용사 enough to,형용사 뒤의 enough + to부정사 구조입니다.,for + 목적어 + to부정사 구조가 맞습니다.
60,practice,Part 5 실전문제,The instructions are clear enough for new users _____ without assistance.,to follow
61,vocab,fluctuate,변동하다,Fuel prices tend to fluctuate throughout the year.
61,expression,come up with,~을 생각해 내다,The design team came up with a more efficient layout.
61,sentence,Day 61 암기문장,It was such a successful campaign that the company extended it for another month.,정답 문장: It was such a successful campaign that the company extended it for another month.
61,grammar,so와 such,such + 관사 + 형용사 + 명사 구조를 익힙니다.,a successful campaign이라는 명사구 앞에는 such가 맞습니다.
61,practice,Part 5 실전문제,It was _____ a successful campaign that the company extended it for another month.,such
62,vocab,revenue,"수익, 매출",Advertising revenue rose significantly in the second quarter.
62,expression,carry out,수행하다,An independent firm will carry out the inspection.
62,sentence,Day 62 암기문장,The new model operates more quietly than its predecessor.,정답 문장: The new model operates more quietly than its predecessor.
62,grammar,비교급 than,than이 있으면 비교급 형태가 필요합니다.,동사 operates를 수식하고 more와 결합하므로 quietly가 맞습니다.
62,practice,Part 5 실전문제,The new model operates more _____ than its predecessor.,quietly
63,vocab,expenditure,지출,Capital expenditures must be approved by the finance committee.
63,expression,look into,조사하다,Our technical team is looking into the connection issue.
63,sentence,Day 63 암기문장,This is one of the most innovative proposals submitted this year.,정답 문장: This is one of the most innovative proposals submitted this year.
63,grammar,최상급 one of,one of the + 최상급 + 복수명사 구조입니다.,proposals를 수식하는 형용사 innovative가 필요합니다.
63,practice,Part 5 실전문제,This is one of the most _____ proposals submitted this year.,innovative
64,vocab,margin,"이윤 폭, 여백",The retailer increased its profit margin by reducing shipping costs.
64,expression,follow up on,~을 후속 확인하다,I am writing to follow up on our previous discussion.
64,sentence,Day 64 암기문장,The replacement part is not as expensive as the original component.,정답 문장: The replacement part is not as expensive as the original component.
64,grammar,as ... as,동등 비교는 as + 원급 + as입니다.,not as + 형용사 + as 구조가 맞습니다.
64,practice,Part 5 실전문제,The replacement part is not as expensive _____ the original component.,as
65,vocab,transaction,거래,Customers can review recent transactions through the mobile app.
65,expression,fill out,양식을 작성하다,Please fill out the registration form completely.
65,sentence,Day 65 암기문장,"The more thoroughly the data are reviewed, the more reliable the forecast will be.","정답 문장: The more thoroughly the data are reviewed, the more reliable the forecast will be."
65,grammar,"the more, the more",비례 비교 구문을 익힙니다.,"the more ..., the more ... 구조로 more reliable이 맞습니다."
65,practice,Part 5 실전문제,"The more thoroughly the data are reviewed, the _____ the forecast will be.",more reliable
66,vocab,authorize,"승인하다, 권한을 부여하다",Only department heads are authorized to approve overtime requests.
66,expression,set up,"설치하다, 마련하다",The IT team will set up the new workstations tomorrow.
66,sentence,Day 66 암기문장,The automated system requires fewer manual entries than the old one.,정답 문장: The automated system requires fewer manual entries than the old one.
66,grammar,fewer와 less,셀 수 있는 복수명사에는 fewer를 씁니다.,entries는 가산 복수명사이므로 fewer가 맞습니다.
66,practice,Part 5 실전문제,The automated system requires _____ manual entries than the old one.,fewer
67,vocab,verify,"확인하다, 검증하다",Please verify your contact information before submitting the form.
67,expression,phase out,단계적으로 폐지하다,The company plans to phase out paper invoices.
67,sentence,Day 67 암기문장,The client requested another copy of the signed agreement.,정답 문장: The client requested another copy of the signed agreement.
67,grammar,another/other,"another 뒤에는 단수명사, other 뒤에는 복수명사 또는 불가산명사가 옵니다.",단수명사 copy 앞에는 another가 맞습니다.
67,practice,Part 5 실전문제,The client requested _____ copy of the signed agreement.,another
68,vocab,authenticate,인증하다,Users must authenticate their identity before accessing the database.
68,expression,roll out,"출시하다, 도입하다",The bank will roll out a new mobile service nationwide.
68,sentence,Day 68 암기문장,"The samples were labeled, and each was placed in a separate container.","정답 문장: The samples were labeled, and each was placed in a separate container."
68,grammar,each/every,each는 대명사로 단독 사용 가능하며 단수 취급합니다.,대명사로 단독 사용되고 단수 동사 was와 호응하므로 each입니다.
68,practice,Part 5 실전문제,"The samples were labeled, and _____ was placed in a separate container.",each
69,vocab,submit,제출하다,All expense reports must be submitted by the end of the month.
69,expression,turn down,"거절하다, 낮추다",The candidate turned down the job offer.
69,sentence,Day 69 암기문장,Neither of the two meeting rooms is available this afternoon.,정답 문장: Neither of the two meeting rooms is available this afternoon.
69,grammar,either/neither,둘 중 어느 것도 아니면 neither를 씁니다.,두 회의실 모두 이용할 수 없다는 의미와 단수 동사 is에 맞는 Neither입니다.
69,practice,Part 5 실전문제,_____ of the two meeting rooms is available this afternoon.,Neither
70,vocab,enclose,동봉하다,Please enclose a copy of the receipt with your claim form.
70,expression,put off,연기하다,The outdoor event was put off because of rain.
70,sentence,Day 70 암기문장,The supervisor discussed the revised schedule with Maria and me.,정답 문장: The supervisor discussed the revised schedule with Maria and me.
70,grammar,대명사 격,전치사 뒤에는 목적격 대명사가 옵니다.,전치사 with의 목적어이므로 목적격 me가 맞습니다.
70,practice,Part 5 실전문제,The supervisor discussed the revised schedule with Maria and _____.,me
71,vocab,attach,첨부하다,I have attached the revised contract for your review.
71,expression,run out of,~이 다 떨어지다,The warehouse has run out of packing materials.
71,sentence,Day 71 암기문장,The director prepared the presentation herself because the assistant was absent.,정답 문장: The director prepared the presentation herself because the assistant was absent.
71,grammar,재귀대명사,주어와 목적어가 같거나 강조할 때 재귀대명사를 씁니다.,director 자신이 직접 준비했다는 강조이므로 herself입니다.
71,practice,Part 5 실전문제,The director prepared the presentation _____ because the assistant was absent.,herself
72,vocab,amendment,"수정, 개정 조항",The amendment extends the contract for another six months.
72,expression,be entitled to,~을 받을 권리가 있다,Passengers are entitled to compensation for lengthy delays.
72,sentence,Day 72 암기문장,Our conference room is larger than theirs.,정답 문장: Our conference room is larger than theirs.
72,grammar,소유대명사,명사 없이 소유 관계를 대신하면 소유대명사를 씁니다.,their conference room을 대신하는 소유대명사 theirs가 맞습니다.
72,practice,Part 5 실전문제,Our conference room is larger than _____.,theirs
73,vocab,provision,"조항, 제공",The agreement contains a provision for early termination.
73,expression,be exempt from,~이 면제되다,Children under five are exempt from the admission fee.
73,sentence,Day 73 암기문장,"Some applicants submitted portfolios, while others provided links to online work.","정답 문장: Some applicants submitted portfolios, while others provided links to online work."
73,grammar,another/others,others는 ‘다른 사람들/것들’로 명사 없이 쓰입니다.,복수의 다른 지원자들을 가리키는 대명사 others가 맞습니다.
73,practice,Part 5 실전문제,"Some applicants submitted portfolios, while _____ provided links to online work.",others
74,vocab,clause,"조항, 절",The confidentiality clause remains in effect after employment ends.
74,expression,be equipped with,~을 갖추고 있다,Every meeting room is equipped with video conferencing tools.
74,sentence,Day 74 암기문장,We still have a few seats available for Friday’s seminar.,정답 문장: We still have a few seats available for Friday’s seminar.
74,grammar,few/a few,a few는 ‘몇몇 있는’ 긍정 의미입니다.,좌석이 조금 남아 있다는 긍정 의미이므로 a few가 맞습니다.
74,practice,Part 5 실전문제,We still have _____ seats available for Friday’s seminar.,a few
75,vocab,violation,위반,Repeated violations of the policy may result in disciplinary action.
75,expression,be familiar with,~에 익숙하다,Applicants should be familiar with spreadsheet software.
75,sentence,Day 75 암기문장,There is a little time left to revise the proposal before the meeting.,정답 문장: There is a little time left to revise the proposal before the meeting.
75,grammar,little/a little,a little은 불가산명사와 함께 ‘조금 있는’ 의미입니다.,time은 불가산이며 조금 남아 있다는 의미이므로 a little입니다.
75,practice,Part 5 실전문제,There is _____ time left to revise the proposal before the meeting.,a little
76,vocab,liability,"법적 책임, 부채",The insurer denied liability for damage caused by improper use.
76,expression,be capable of,~할 능력이 있다,The machine is capable of processing 500 packages per hour.
76,sentence,Day 76 암기문장,How many applicants were invited to the second interview?,정답 문장: How many applicants were invited to the second interview?
76,grammar,many/much,가산 복수명사에는 many를 씁니다.,applicants는 가산 복수명사이므로 many가 맞습니다.
76,practice,Part 5 실전문제,How _____ applicants were invited to the second interview?,many
77,vocab,secure,"확보하다, 안전한",The team secured additional funding for the research project.
77,expression,be subject to,~의 적용을 받다,International orders are subject to additional customs fees.
77,sentence,Day 77 암기문장,The number of online orders increased sharply after the promotion began.,정답 문장: The number of online orders increased sharply after the promotion began.
77,grammar,amount/number,가산 복수명사의 수에는 number를 씁니다.,주어 핵심은 The number 단수이고 과거 문맥이므로 increased가 맞습니다.
77,practice,Part 5 실전문제,The number of online orders _____ sharply after the promotion began.,increased
78,vocab,accessible,접근 가능한,The online manual is accessible from any authorized device.
78,expression,be available for,~에 이용 가능하다,The conference room is available for private events on weekends.
78,sentence,Day 78 암기문장,The company hired an experienced auditor to review its records.,정답 문장: The company hired an experienced auditor to review its records.
78,grammar,관사 a/an,철자가 아니라 첫소리로 a/an을 결정합니다.,experienced는 모음 소리로 시작하므로 an이 맞습니다.
78,practice,Part 5 실전문제,The company hired _____ experienced auditor to review its records.,an
79,vocab,compatible,호환되는,The software is compatible with most operating systems.
79,expression,be located in,~에 위치하다,The customer service desk is located in the main lobby.
79,sentence,Day 79 암기문장,Please return the key to the reception desk before checking out.,정답 문장: Please return the key to the reception desk before checking out.
79,grammar,정관사 the,서로 알고 있는 특정 대상을 가리킬 때 the를 씁니다.,호텔의 특정 접수대를 가리키므로 the가 맞습니다.
79,practice,Part 5 실전문제,Please return the key to _____ reception desk before checking out.,the
80,vocab,upgrade,"개선, 업그레이드하다",The hotel upgraded several rooms during the off-season.
80,expression,be committed to,~에 전념하다,The company is committed to reducing its environmental impact.
80,sentence,Day 80 암기문장,Employees are encouraged to update their passwords regularly.,정답 문장: Employees are encouraged to update their passwords regularly.
80,grammar,무관사 복수 일반화,복수명사를 일반적으로 말할 때 관사를 쓰지 않습니다.,직원 일반을 가리키는 복수명사이므로 무관사가 맞습니다.
80,practice,Part 5 실전문제,_____ employees are encouraged to update their passwords regularly.,No article
81,vocab,maintenance,유지보수,Routine maintenance will be performed on the elevators tonight.
81,expression,be concerned about,~을 걱정하다,Several residents are concerned about increased traffic.
81,sentence,Day 81 암기문장,Ms. Lee plans to apply for the vacant analyst position.,정답 문장: Ms. Lee plans to apply for the vacant analyst position.
81,grammar,전치사 apply for/to,"직무·지원금은 apply for, 기관은 apply to입니다.",지원하는 직책 앞에는 apply for를 씁니다.
81,practice,Part 5 실전문제,Ms. Lee plans to apply _____ the vacant analyst position.,for
82,vocab,outage,"서비스 중단, 정전",A brief network outage affected online orders.
82,expression,be pleased with,~에 만족하다,Most clients were pleased with the revised design.
82,sentence,Day 82 암기문장,More than fifty vendors will participate in the trade exhibition.,정답 문장: More than fifty vendors will participate in the trade exhibition.
82,grammar,전치사 participate in,participate는 in과 함께 씁니다.,participate in이 고정 결합입니다.
82,practice,Part 5 실전문제,More than fifty vendors will participate _____ the trade exhibition.,in
83,vocab,troubleshoot,문제를 진단하고 해결하다,A technician was sent to troubleshoot the connection problem.
83,expression,be accompanied by,~을 동반하다,The application must be accompanied by two references.
83,sentence,Day 83 암기문장,The training program consists of four online modules and one workshop.,정답 문장: The training program consists of four online modules and one workshop.
83,grammar,전치사 consist of,consist는 수동태로 쓰지 않고 of를 취합니다.,consist of가 고정 표현입니다.
83,practice,Part 5 실전문제,The training program consists _____ four online modules and one workshop.,of
84,vocab,install,설치하다,The contractor will install energy-efficient lighting throughout the office.
84,expression,be based on,~에 근거하다,The estimate is based on current material prices.
84,sentence,Day 84 암기문장,Improved packaging contributed to a reduction in damaged goods.,정답 문장: Improved packaging contributed to a reduction in damaged goods.
84,grammar,전치사 contribute to,contribute to에서 to는 전치사입니다.,contribute to가 ‘~에 기여하다’입니다.
84,practice,Part 5 실전문제,Improved packaging contributed _____ a reduction in damaged goods.,to
85,vocab,subscription,구독,Your annual subscription includes access to all premium reports.
85,expression,be involved in,~에 관여하다,Ms. Chen has been involved in the project since its launch.
85,sentence,Day 85 암기문장,Authorized users may access the database from outside the office.,정답 문장: Authorized users may access the database from outside the office.
85,grammar,전치사 access,access는 타동사이므로 전치사 없이 목적어를 취합니다.,동사 access는 바로 목적어 the database를 취합니다.
85,practice,Part 5 실전문제,Authorized users may _____ the database from outside the office.,access
86,vocab,renew,갱신하다,Members can renew their memberships online.
86,expression,be known for,~로 알려져 있다,The restaurant is known for its efficient service.
86,sentence,Day 86 암기문장,The consultant advised us to review the contract carefully before signing it.,정답 문장: The consultant advised us to review the contract carefully before signing it.
86,grammar,어휘: advise/advice,"advise는 동사, advice는 불가산 명사입니다.",advise + 목적어 + to부정사 구조입니다.
86,practice,Part 5 실전문제,The consultant advised us _____ the contract carefully before signing it.,to review
87,vocab,terminate,"종료하다, 해고하다",Either party may terminate the agreement with thirty days’ notice.
87,expression,be satisfied with,~에 만족하다,Customers were satisfied with the speed of delivery.
87,sentence,Day 87 암기문장,The new tax regulation may affect small retailers more than large chains.,정답 문장: The new tax regulation may affect small retailers more than large chains.
87,grammar,어휘: affect/effect,"affect는 주로 동사, effect는 주로 명사입니다.",may 뒤 동사원형이며 ‘영향을 미치다’이므로 affect입니다.
87,practice,Part 5 실전문제,The new tax regulation may _____ small retailers more than large chains.,affect
88,vocab,negotiate,협상하다,The purchasing manager negotiated a lower price with the supplier.
88,expression,be suitable for,~에 적합하다,This software is suitable for small and midsize businesses.
88,sentence,Day 88 암기문장,The supplier plans to raise prices by five percent next quarter.,정답 문장: The supplier plans to raise prices by five percent next quarter.
88,grammar,어휘: rise/raise,raise는 목적어를 취하는 타동사입니다.,목적어 prices를 취하므로 타동사 raise가 맞습니다.
88,practice,Part 5 실전문제,The supplier plans to _____ prices by five percent next quarter.,raise
89,vocab,quotation,"견적서, 인용문",We requested quotations from three printing companies.
89,expression,be relevant to,~과 관련이 있다,Please include only information relevant to the position.
89,sentence,Day 89 암기문장,Employees may borrow a laptop from the equipment desk for business travel.,정답 문장: Employees may borrow a laptop from the equipment desk for business travel.
89,grammar,어휘: borrow/lend,"borrow는 빌리는 사람 관점, lend는 빌려주는 관점입니다.",장비 데스크에서 빌리는 것이므로 borrow가 맞습니다.
89,practice,Part 5 실전문제,Employees may _____ a laptop from the equipment desk for business travel.,borrow
90,vocab,estimate,"견적, 추산하다",The contractor provided an estimate for the repair work.
90,expression,be opposed to,~에 반대하다,Some employees are opposed to changing the work schedule.
90,sentence,Day 90 암기문장,Please tell the receptionist that your appointment has been rescheduled.,정답 문장: Please tell the receptionist that your appointment has been rescheduled.
90,grammar,어휘: say/tell,tell은 사람 목적어를 직접 취합니다.,tell + 사람 + that절 구조입니다.
90,practice,Part 5 실전문제,Please _____ the receptionist that your appointment has been rescheduled.,tell
91,vocab,bid,"입찰, 입찰하다",Five firms submitted bids for the construction project.
91,expression,be aware of,~을 알고 있다,All staff should be aware of the revised privacy rules.
91,sentence,Day 91 암기문장,The airline will notify passengers of any gate changes by text message.,정답 문장: The airline will notify passengers of any gate changes by text message.
91,grammar,어휘: notify/announce,notify는 사람 목적어를 취하고 of/about을 이어 씁니다.,notify passengers of changes가 올바른 구조입니다.
91,practice,Part 5 실전문제,The airline will _____ passengers of any gate changes by text message.,notify
92,vocab,contract,"계약, 계약하다",The company signed a three-year contract with a logistics provider.
92,expression,be dependent on,~에 의존하다,The launch date is dependent on final regulatory approval.
92,sentence,Day 92 암기문장,All department heads are expected to attend the quarterly budget meeting.,정답 문장: All department heads are expected to attend the quarterly budget meeting.
92,grammar,어휘: attend/participate,attend는 타동사로 전치사 없이 행사 목적어를 취합니다.,attend the meeting처럼 전치사 없이 씁니다.
92,practice,Part 5 실전문제,All department heads are expected to _____ the quarterly budget meeting.,attend
93,vocab,supplier,공급업체,The supplier agreed to replace the defective components.
93,expression,be indicative of,~을 나타내다,The increase in inquiries is indicative of strong demand.
93,sentence,Day 93 암기문장,The shipment is expected to reach the distribution center by noon.,정답 문장: The shipment is expected to reach the distribution center by noon.
93,grammar,어휘: reach/arrive,reach는 타동사로 전치사 없이 목적어를 취합니다.,빈칸 뒤 목적어가 바로 있으므로 reach가 맞습니다.
93,practice,Part 5 실전문제,The shipment is expected to _____ the distribution center by noon.,reach
94,vocab,vendor,"판매업체, 공급업체",Food vendors must obtain permits before the festival.
94,expression,come into effect,효력이 발생하다,The new labor regulations come into effect next month.
94,sentence,Day 94 암기문장,The committee will discuss the proposed schedule at tomorrow’s meeting.,정답 문장: The committee will discuss the proposed schedule at tomorrow’s meeting.
94,grammar,어휘: discuss,discuss는 타동사로 about 없이 목적어를 취합니다.,discuss the proposal처럼 about을 쓰지 않습니다.
94,practice,Part 5 실전문제,The committee will _____ the proposed schedule at tomorrow’s meeting.,discuss
95,vocab,distributor,유통업체,The manufacturer appointed a new distributor for the region.
95,expression,come to an end,끝나다,The promotional period will come to an end on Friday.
95,sentence,Day 95 암기문장,The technician explained the installation process to the new staff.,정답 문장: The technician explained the installation process to the new staff.
95,grammar,어휘: explain,explain 사항 to 사람 구조를 사용합니다.,explain A to B가 올바른 구조입니다.
95,practice,Part 5 실전문제,The technician explained the installation process _____ the new staff.,to
96,vocab,retailer,소매업체,The retailer plans to open twenty new stores next year.
96,expression,come to a decision,결정을 내리다,The board expects to come to a decision by noon.
96,sentence,Day 96 암기문장,A revised employee handbook will be distributed next week. It includes updated procedures for remote work.,정답 문장: A revised employee handbook will be distributed next week. It includes updated procedures for remote work.
96,grammar,Part 6 문맥: 대명사 지시,앞 문장의 단수 사물을 받는 대명사를 선택합니다.,앞의 단수 명사 handbook을 받으므로 It이 맞습니다.
96,practice,Part 6 실전문제,A revised employee handbook will be distributed next week. _____ includes updated procedures for remote work.,It
97,vocab,consumer,소비자,Consumer demand for eco-friendly products continues to grow.
97,expression,go into detail,자세히 설명하다,The report goes into detail about projected costs.
97,sentence,Day 97 암기문장,"The seminar is free for members. However, advance registration is required because seating is limited.","정답 문장: The seminar is free for members. However, advance registration is required because seating is limited."
97,grammar,Part 6 문맥: 전환,반대되는 내용을 연결하는 전환어를 선택합니다.,무료라는 사실과 별개로 등록이 필요하다는 전환이므로 However입니다.
97,practice,Part 6 실전문제,"The seminar is free for members. _____, advance registration is required because seating is limited.",However
98,vocab,feedback,"의견, 피드백",Customer feedback helped us improve the online checkout process.
98,expression,have access to,~에 접근할 수 있다,Only authorized personnel have access to the archive.
98,sentence,Day 98 암기문장,"The downtown branch will be closed for renovation. Consequently, customers should use the Riverside location until September.","정답 문장: The downtown branch will be closed for renovation. Consequently, customers should use the Riverside location until September."
98,grammar,Part 6 문맥: 결과,앞 문장의 원인에 따른 결과를 연결합니다.,지점 폐쇄의 결과로 다른 지점을 이용해야 하므로 Consequently입니다.
98,practice,Part 6 실전문제,"The downtown branch will be closed for renovation. _____, customers should use the Riverside location until September.",Consequently
99,vocab,initiative,"계획, 주도권",The recycling initiative reduced office waste by thirty percent.
99,expression,have difficulty -ing,~하는 데 어려움을 겪다,Some users had difficulty installing the update.
99,sentence,Day 99 암기문장,The recycling initiative reduced office waste by thirty percent.,재활용 계획은 사무실 폐기물을 30퍼센트 줄였다.
99,grammar,Part 6 문장삽입,대명사와 시간 흐름이 자연스러운 위치를 판단합니다.,This는 old system이 10월 15일까지 접근 가능하다는 바로 앞 내용을 가리키므로 [4]가 적절합니다.
99,practice,Part 6 실전문제,The company will introduce a new expense-reporting system on October 1. [1] Training sessions will be offered during the final week of September. [2] Employees should register through the internal portal. [3] The old system will remain accessible until October 15. [4] Where should the sentence ‘This will give staff two weeks to transfer unfinished reports.’ be inserted?,[4]
100,vocab,benchmark,"기준점, 벤치마크",The report establishes a benchmark for future performance reviews.
100,expression,have an impact on,~에 영향을 미치다,Rising fuel costs have an impact on delivery fees.
100,sentence,Day 100 암기문장,The report establishes a benchmark for future performance reviews.,그 보고서는 향후 성과 검토를 위한 기준점을 세운다.
100,grammar,Part 7 추론,공지의 목적과 세부사항을 종합해 추론합니다.,서쪽 주차장이 공사 중이며 북쪽 입구를 이용하라고 했으므로 서쪽 주차장을 피해야 합니다.
100,practice,Part 7 실전문제,NOTICE: The west parking lot will be resurfaced from August 12 to 14. Employees should use the north entrance and display their permits on the dashboard. Visitor spaces will be temporarily available beside Building C. What is implied about employees during the work?,They should park away from the west lot.
