word,meaningKo
researcher,연구자
participant,참가자
accord,일치하다; 부합
behave,행동하다
disappoint,실망시키다
infant,유아
sincerely,진심으로
tendency,"경향, 성향"
complexity,복잡성
perceive,"인지하다, 지각하다"
locate,"위치시키다, 찾아내다"
excite,흥분시키다
circumstance,"상황, 환경"
emerge,"나타나다, 부상하다"
expectation,기대
trait,"특성, 특징"
arise,발생하다
evolve,진화하다
sack,"자루, 부대; 해고하다"
foul,반칙; 더러운
surround,둘러싸다
abandon,"버리다, 포기하다"
interact,상호작용하다
derive,"유래하다, 끌어내다"
interpret,"해석하다, 통역하다"
delight,기쁨; 기쁘게 하다
construct,구성하다; 구조물
expose,"노출시키다, 폭로하다"
inspire,영감을 주다
algorithm,알고리즘
enhance,향상시키다
embarrass,당황하게 하다
characteristic,특징적인; 특징
insist,"주장하다, 고집하다"
frustrate,좌절시키다
amaze,놀라게 하다
listener,청취자
accomplishment,"성취, 업적"
thrill,"짜릿함, 흥분시키다"
nutrient,영양소
calorie,칼로리
adaptive,적응적인
anticipate,"예상하다, 기대하다"
distinguish,구별하다
puzzle,"퍼즐, 어리둥절하게 하다"
habitat,서식지
fossil,화석
arrange,"배열하다, 준비하다"
evaluate,평가하다
adaptation,"적응, 각색"
weave,"짜다, 엮다"
remark,발언; 언급하다
ecosystem,생태계
restrict,제한하다
minimize,최소화하다
correspondence,"일치, 서신"
emotionally,감정적으로
detect,"감지하다, 발견하다"
alter,"바꾸다, 변경하다"
physic,"물리학, 물리적 방법"
barter,물물교환하다
advertise,광고하다
molecule,분자
evolutionary,진화의
fade,"희미해지다, 사라지다"
gesture,"몸짓, 제스처"
bore,지루하게 하다
critic,비평가
adapt,"적응하다, 각색하다"
possess,소유하다
uncertainty,불확실성
wiggly,꿈틀거리는
overwhelm,압도하다
swimmer,수영하는 사람
organism,유기체
motivate,동기를 부여하다
isolate,"고립시키다, 분리하다"
trajectory,"궤적, 궤도"
obstacle,장애물
attach,"붙이다, 첨부하다"
attribute,속성; ~탓으로 돌리다
modify,수정하다
economist,경제학자
conclude,결론을 내리다
sculpture,조각(품)
employ,"고용하다, 사용하다"
accomplish,"성취하다, 해내다"
experimenter,실험자
depress,"우울하게 하다, 침체시키다"
predator,"포식자, 포식 동물"
analogy,"유추, 비유"
strive,"애쓰다, 노력하다"
philosopher,철학자
relieve,"완화하다, 안도하게 하다"
render,"만들다, 표현하다"
dioxide,이산화물
glance,"흘낏 봄, 훑어보다"
compliment,칭찬(하다)
impose,"부과하다, 강요하다"
frustration,좌절(감)
manufacture,제조하다
pause,잠시 멈춤; 멈추다
donation,기부
disappointment,실망
differ,다르다
passive,수동적인
likewise,마찬가지로
amputate,절단하다
fascinate,매혹하다
startle,깜짝 놀라게 하다
excitedly,흥분하여
ethic,윤리
subsidy,보조금
interrupt,"방해하다, 중단시키다"
dilemma,"딜레마, 진퇴양난"
scar,흉터
imply,"암시하다, 내포하다"
analyze,분석하다
dismiss,"묵살하다, 해고하다"
consume,소비하다
sensation,"감각, 센세이션"
inevitably,불가피하게
continually,끊임없이
translate,"번역하다, 전환하다"
costly,"값비싼, 대가가 큰"
unconscious,"무의식의, 의식을 잃은"
capitalism,자본주의
colleague,동료
propose,제안하다
sail,항해하다
precision,"정밀함, 정확성"
vitamin,비타민
slam,쾅 닫다
neuroscientist,신경과학자
magnify,확대하다
tempt,유혹하다
complicate,복잡하게 만들다
thinker,사상가
diagnose,진단하다
diminish,"줄어들다, 약화시키다"
eagerly,"열망하여, 간절히"
commute,통근하다
vapor,증기
assign,"할당하다, 배정하다"
reinforce,강화하다
emphasize,강조하다
distract,주의를 산만하게 하다
neglect,"방치하다, 소홀히 하다"
exhaust,"고갈시키다, 지치게 하다"
endure,"견디다, 지속되다"
exploit,"이용하다, 착취하다"
autonomy,자율(성)
judgement,판단
instinct,본능
calculate,계산하다
dramatically,극적으로
blend,"섞다, 혼합"
countless,"무수한, 셀 수 없는"
incentive,"동기, 유인"
grasp,"이해하다, 파악하다; 움켜쥐다"
tire,지치게 하다; 타이어
reject,거부하다
headquarter,"본부, 본사"
granary,곡물 창고
handcuff,수갑(을 채우다)
cubicle,칸막이 방
irritate,짜증나게 하다
burrow,굴(을 파다)
seawater,바닷물
anthropologist,인류학자
deprive,박탈하다
compel,강요하다
nurture,"양육하다, 육성하다"
biologist,생물학자
bouquet,꽃다발
stalk,줄기; 몰래 접근하다
accumulate,축적하다
doorway,출입구
spectator,관중
magician,마술사
implication,"함축, 영향"
discourage,"낙담시키다, 단념시키다"
swell,"부풀다, 커지다"
stimulate,자극하다
sensory,감각의
gaze,응시하다
ecological,생태학적인
capitalist,자본주의의; 자본가
efficiently,효율적으로
accompany,"동반하다, 동행하다"
temper,"성질, 기질"
persuade,설득하다
constitute,구성하다
obscure,"무명의, 모호한"
fulfill,"이행하다, 성취하다"
dominate,지배하다
vague,모호한
affection,애정
exceed,초과하다
sustain,"지속시키다, 지탱하다"
threaten,위협하다
elegant,우아한
socially,사회적으로
irrelevant,"무관한, 관련 없는"
prey,먹이
facilitate,"촉진하다, 용이하게 하다"
firmly,"확고하게, 단단히"
isolation,"고립, 격리"
aesthetic,"미적인, 심미적인"
profitable,수익성 있는
essence,본질
mathematical,수학적인
strengthen,강화하다
transform,변형시키다
declare,"선언하다, 단언하다"
neocortex,신피질
microbe,미생물
newsworthy,보도할 가치가 있는
shopper,쇼핑객
sensibility,감수성
drawback,"결점, 문제점"
constraint,제약
refine,"정제하다, 개선하다"
entropy,엔트로피
aspiration,"열망, 포부"
persuasive,설득력 있는
blindness,"실명, 맹목"
compose,"구성하다, 작곡하다"
globalization,세계화
intrinsic,"본질적인, 내재적인"
weaken,약화시키다
dissolve,"용해되다, 해체하다"
conversely,반대로
physiological,생리적인
disrupt,"방해하다, 붕괴시키다"
equilibrium,균형(상태)
tailor,재단사; 맞추다
paradigm,"패러다임, 모범"
blossom,꽃(이 피다)
pest,해충
disagreement,"불일치, 의견 차이"
retrieve,"되찾다, 검색하다"
roar,"포효하다, 굉음"
greatness,위대함
masculine,남성적인
metaphor,은유
tempo,"박자, 속도"
worthwhile,가치 있는
merge,"합병하다, 합쳐지다"
remarkably,"현저하게, 매우"
herd,"무리, 떼"
surroundings,"환경, 주변"
imaginary,"상상의, 가상의"
psychic,"심령의, 심적인"
reluctant,"꺼리는, 마지못한"
enjoyment,즐거움
absorb,흡수하다
coordinate,조정하다
despair,절망
convey,"전달하다, 나르다"
dominance,"지배(력), 우세"
discourse,"담화, 담론"
bait,미끼
incorporate,"포함하다, 통합시키다"
commodity,"상품, 물품"
proximity,"근접, 가까움"
biography,전기(傳記)
sharply,"날카롭게, 급격하게"
necessity,필요(성)
educate,교육하다
readily,"쉽게, 손쉽게"
occupy,"차지하다, 점유하다"
automobile,자동차
distress,"고통, 괴로움"
melt,녹다
sweep,"쓸다, 휩쓸다"
hazard,위험
archive,기록 보관소
entrepreneur,기업가
civilization,문명
deliberately,의도적으로
bounce,"튀다, 튀어오르다"
enthusiasm,열정
mineral,광물
workplace,직장
echo,"메아리, 울림"
adequate,"적절한, 충분한"
premonitory,"전조의, 예고의"
handwrite,손으로 쓰다
sophisticate,세련되게 하다
ferryman,뱃사공
shrivel,쭈그러들다
cuneiform,쐐기 문자
underlie,"근저에 있다, 기초가 되다"
snowmobile,설상차
villager,마을 주민
subconsciously,잠재의식적으로
sycamore,"플라타너스, 시커모어"
amazement,놀라움
stanza,(시의) 연
dribble,드리블하다
nomad,유목민
cocoon,고치
parable,"우화, 비유"
condensation,"응결, 결로"
incline,"기울다, 경사면"
theorist,이론가
neuron,"뉴런, 신경세포"
exaggerate,과장하다
devise,고안하다
assertive,자기주장이 강한
memorize,암기하다
unload,짐을 내리다
speechless,말을 잃은
recite,암송하다
diffuse,"퍼지다, 확산시키다"
inhabit,"거주하다, 서식하다"
farmland,농지
inquire,문의하다
prescribe,"처방하다, 규정하다"
indifferent,무관심한
roadside,길가
raft,뗏목
uncover,"밝혀내다, 드러내다"
adventurous,모험적인
paddle,노를 젓다
correspond,"상응하다, 부합하다"
bribe,뇌물(을 주다)
conform,"따르다, 순응하다"
intuition,직관
uniquely,독특하게
offend,기분을 상하게 하다
attain,달성하다
proliferation,"확산, 증식"
novelist,소설가
unfamiliar,"낯선, 익숙하지 않은"
maximize,극대화하다
astronomy,천문학
corpus,"말뭉치, 전집"
mutation,돌연변이
symptom,증상
erosion,침식
durable,내구성 있는
manipulate,조작하다
unwilling,"꺼리는, 내키지 않는"
digest,"소화하다, 요약"
integrate,통합하다
anticipation,"기대, 예상"
allocation,"배분, 할당"
cooperate,협력하다
distribute,"분배하다, 배포하다"
warmth,따뜻함
willingness,기꺼이 하는 마음
organizational,조직의
teammate,팀 동료
yell,소리치다
abundance,풍부함
sync,"동조, 일치"
cooperative,협력적인
systematic,체계적인
roast,굽다
interfere,"간섭하다, 방해하다"
obsession,집착
historian,역사가
unemployed,실직한
feminine,여성적인
fierce,"격렬한, 사나운"
inequality,불평등
mentor,"멘토, 지도자"
halt,"멈추다, 정지"
consequently,결과적으로
risky,위험한
curiosity,호기심
randomly,무작위로
spark,"촉발시키다, 불꽃"
expedition,탐험
probe,"조사하다, 탐사하다"
kindness,친절
accordingly,"따라서, 그에 맞춰"
machinery,기계(류)
nonetheless,그럼에도 불구하고
bolt,"볼트, 빗장"
donate,기부하다
cope,대처하다
static,"정적인, 고정된"
orientation,"지향, 오리엔테이션"
instal,설치하다
horrify,겁먹게 하다
inattentive,부주의한
taxon,분류군
pitfall,"함정, 위험"
infinitive,부정사
devastate,황폐화시키다
extrinsic,"외적인, 외부의"
paralyze,마비시키다
contaminate,오염시키다
cline,점진적 변화(생태 용어)
obsess,"사로잡다, 집착하게 하다"
yearn,갈망하다
deadlock,교착 상태
navigational,"항해의, 항법의"
sociologist,사회학자
spar,"겨루다, 연습 시합하다"
craftsmanship,"장인정신, 솜씨"
pastime,"취미, 오락"
humankind,인류
subsistence,"생계, 자급자족"
salient,"두드러진, 현저한"
pedagogy,교육학
archaeologist,고고학자
inseparable,분리할 수 없는
screwdriver,드라이버(공구)
chore,"잡일, 허드렛일"
propel,추진시키다
embody,"구현하다, 담다"
individuality,개성
geologist,지질학자
generalization,일반화
mislead,"오도하다, 잘못 이끌다"
effortlessly,"쉽게, 노력 없이"
mathematician,수학자
inference,추론
ordinarily,"보통, 평상시에"
visualize,시각화하다
specialize,전문화하다
recollection,"회상, 기억"
imitate,모방하다
coworker,동료
beak,부리
overtake,"추월하다, 따라잡다"
instruct,"지시하다, 가르치다"
mammal,포유류
characterize,특징짓다
spontaneously,"자연스럽게, 자발적으로"
indifference,무관심
fiercely,"격렬하게, 사납게"
stun,"기절시키다, 놀라게 하다"
conserve,보존하다
graceful,우아한
authoritative,권위 있는
barren,"척박한, 불모의"
motif,"모티프, 주제"
helper,조력자
cultivate,"경작하다, 함양하다"
riddle,수수께끼
enthusiast,"열광적인 팬, 애호가"
imitation,모방
fungi,"균류, 곰팡이류"
boast,자랑하다
overlook,"간과하다, 내려다보다"
devote,"헌신하다, 바치다"
swiftly,신속하게
tuck,밀어 넣다
outsider,외부인
catastrophe,재앙
hardship,"고난, 어려움"
mastery,"숙달, 통달"
orchard,과수원
flaw,"결함, 결점"
meadow,"초원, 목초지"
soak,"담그다, 흠뻑 적시다"
empirical,"경험적인, 실증적인"
differentiate,"구별하다, 차별화하다"
metabolic,신진대사의
damp,축축한
paddy,"논, 벼"
assemble,"모으다, 조립하다"
amazingly,놀랍게도
undermine,약화시키다
accelerate,가속하다
morale,사기(士氣)
novelty,"참신함, 새로움"
suppress,"억압하다, 억제하다"
govern,"지배하다, 통치하다"
archaeological,고고학의
drown,익사하다
negatively,부정적으로
emission,배출(물)
comprehend,이해하다
limb,"팔다리, 사지"
illustrate,"예증하다, 설명하다"
routinely,일상적으로
impulse,충동
choke,"숨이 막히다, 질식시키다"
patron,"후원자, 단골"
unpaid,무급의
potent,강력한
appropriately,적절하게
initiate,"시작하다, 개시하다"
ironically,역설적이게도
utilize,활용하다
bind,"묶다, 결속시키다"
conception,"개념, 구상"
ideally,이상적으로
calculation,계산
neural,신경의
iris,"홍채, 붓꽃"
simplicity,단순함
occurrence,"발생, 사건"
exclude,제외하다
encouragement,격려
confront,"직면하다, 맞서다"
unrelated,무관한
sufficiently,충분히
extraction,추출
melody,선율
suburb,교외
stimulus,자극
geological,지질학적인
scent,"향기, 냄새"
accidental,우연한
applause,박수(갈채)
entertain,"즐겁게 하다, 대접하다"
allowance,"용돈, 수당"
fatigue,피로
regulate,"규제하다, 조절하다"
unacceptable,받아들일 수 없는
selective,선택적인
attachment,"애착, 부착"
plague,전염병; 괴롭히다
individually,개별적으로
scrap,"조각, 폐기물"
moisture,"습기, 수분"
verbal,"언어의, 구두의"
deployment,"배치, 배포"
terribly,"몹시, 지독하게"
gratitude,감사
profound,"심오한, 깊은"
philosophical,철학적인
sensitivity,"민감성, 감수성"
bargain,"흥정하다, 특가품"
purse,"지갑, 핸드백"
explicit,"명백한, 명시적인"
supposedly,"아마도, 소문에 의하면"
circulation,"순환, 유통"
polar,극지의
thereafter,그 후에
memorable,기억할 만한
caution,"조심, 경계"
insult,모욕하다
accommodate,수용하다
supplement,"보충하다, 보충물"
ignorance,무지
tablet,"정제, 태블릿"
effectiveness,"효과, 효율성"
protoplasm,원형질
remora,빨판상어
accustom,익숙하게 하다
pushup,팔굽혀펴기
domesticate,길들이다
moralist,도덕주의자
rumination,"반추, 곰곰이 생각함"
uneasily,불안하게
crystallize,"구체화되다, 결정화되다"
masterworks,걸작들
heckle,야유하다
randomization,무작위화
discursive,"산만한, 담화의"
individualist,개인주의자
shortsighted,근시안적인
overwork,"혹사하다, 과로"
metronome,메트로놈
expropriation,"수용, 몰수"
overstate,과장하다
enrol,등록하다
primeval,원시(시대)의
colonisation,"식민지화, (생물의) 이입"
intelligible,이해할 수 있는
dweller,거주자
etch,"새기다, 식각하다"
dislodge,"제거하다, 몰아내다"
scold,꾸짖다
conceit,"자만심, (문학적) 착상"
woodpecker,딱따구리
substantiate,입증하다
astonishment,놀라움
perceptual,지각의
embed,"끼워 넣다, 심다"
idiosyncratic,"특유의, 개성적인"
erupt,"분출하다, 폭발하다"
intently,"골똘히, 집중하여"
savor,음미하다
commercialization,상업화
veritable,"진정한, 참으로"
wobble,"흔들리다, 비틀거리다"
kerosene,등유
juncture,"국면, 시점"
mistrust,불신(하다)
corral,가축우리
suspiciously,의심스럽게
creatively,창의적으로
binoculars,쌍안경
dispense,"나누어주다, 조제하다"
spleen,비장
deteriorate,악화되다
intensify,"심화되다, 강화하다"
composure,"평정심, 침착"
soothe,"달래다, 진정시키다"
agreeable,"쾌적한, 기꺼이 동의하는"
enlarge,확대하다
plow,쟁기(질하다)
reconstruct,재구성하다
cripple,"불구로 만들다, 심각한 손상을 주다"
endanger,위태롭게 하다
enthusiastically,열정적으로
slum,빈민가
snowflake,눈송이
evoke,불러일으키다
proclaim,선언하다
coercion,강압
boardwalk,산책로
cholera,콜레라
reassure,안심시키다
prioritize,우선순위를 매기다
approximation,근사치
relativity,상대성
cognition,인지
sculptor,조각가
pinpoint,정확히 짚어내다
burr,"가시털, 까끄라기"
interpersonal,대인관계의
gland,"샘, 분비선"
compile,"편집하다, 수집하다"
vanish,사라지다
peril,위험
riff,(음악의) 반복 악절
heartbroken,상심한
solitude,고독
disparity,"차이, 격차"
expressive,표현이 풍부한
repertoire,"레퍼토리, 목록"
ache,"아프다, 통증"
torrent,"급류, 격류"
pouch,주머니
orient,"적응시키다, 방향을 맞추다"
environmentally,환경적으로
deprivation,"박탈, 결핍"
questionnaire,설문지
checklist,점검표
imaginative,상상력이 풍부한
gasp,"숨이 턱 막히다, 헐떡이다"
criterion,기준
irresistible,저항할 수 없는
speculate,추측하다
wink,윙크하다
monumental,"기념비적인, 엄청난"
dedicate,"헌신하다, 바치다"
canopy,"덮개, (숲의) 캐노피"
encyclopedia,백과사전
knowledgeable,아는 것이 많은
runoff,빗물 유출
pediatric,소아과의
downside,"부정적인 면, 단점"
oneself,자기 자신
induce,"유도하다, 설득하다"
superficial,피상적인
ambiguous,모호한
comprehension,이해(력)
visuals,시각 자료
poisonous,독이 있는
competence,"능력, 역량"
dorm,기숙사
rotate,회전하다
admiration,"감탄, 존경"
economical,경제적인
superiority,우월성
claw,발톱
cortex,피질
sponge,스펀지
indoors,실내에서
hostility,적대감
scarce,"부족한, 희귀한"
faulty,결함이 있는
peasant,"농민, 소작농"
align,"정렬시키다, 맞추다"
aggressively,공격적으로
seldom,좀처럼 ~않는
culturally,문화적으로
comet,혜성
inaccurate,부정확한
fuzzy,"흐릿한, 보풀이 인"
tangible,"유형의, 명백한"
outdated,구식의
mutually,상호간에
flock,"떼, 무리"
irrigation,관개
trench,"참호, 도랑"
appoint,임명하다
songwriter,작사가/작곡가
severity,심각성
wildly,"격렬하게, 매우"
intentional,의도적인
razor,면도기
knot,매듭
millionaire,백만장자
solitary,"혼자의, 고독한"
regain,되찾다
pneumonia,폐렴
ingredient,"재료, 성분"
exceptionally,"예외적으로, 매우"
upright,"똑바른, 곧은"
vivid,생생한
retailer,소매업자
pyramid,피라미드
predictable,예측 가능한
spatial,공간의
extinction,멸종
unusually,이례적으로
chop,"썰다, 자르다"
embarrassment,당혹감
vegetation,"초목, 식생"
parole,가석방
buffer,완충 장치
parental,부모의
traumatic,"충격적인, 정신적 외상의"
strap,"끈, 줄"
glue,"접착제, 풀"
explode,폭발하다
conductor,"지휘자, 안내자"
microwave,전자레인지
undergo,겪다
masterpiece,걸작
competitor,경쟁자
eclipse,"일식, 월식"
obesity,비만
intentionally,고의로
drift,표류하다
critique,"비평, 비판"
breakthrough,돌파구
inning,"이닝, 회(야구)"
enthusiastic,열정적인
bark,짖다; 나무껍질
niche,"틈새(시장), 적소"
arbitrary,임의적인
farther,더 멀리
gasoline,휘발유
lengthy,"긴, 장황한"
correlation,상관관계
irony,"역설, 아이러니"
prompt,"촉발하다, 즉각적인"
unaware,알지 못하는
hypothesis,가설
messy,지저분한
optimistic,낙관적인
gossip,"험담, 소문"
shiny,빛나는
unlock,"열다, 풀다"
coordination,"조정, 협응"
persistent,"끈질긴, 지속적인"
slope,경사(면)
beautifully,아름답게
indicator,지표
acre,에이커
robust,"튼튼한, 견고한"
dull,"따분한, 둔한"
wilderness,"황야, 자연 그대로의 지역"
tense,"긴장한, 시제"
absurd,"터무니없는, 불합리한"
renowned,유명한
revelation,"폭로, 뜻밖의 사실"
mandate,"위임, 명령"
thorough,철저한
freshman,신입생
steep,가파른
evident,명백한
negotiate,협상하다
freight,화물
neat,깔끔한
vaccine,백신
crude,"대략적인, 조잡한, 원유의"
preservation,보존
probability,"확률, 가능성"
flexibility,유연성
equation,"방정식, 등식"
remainder,나머지
elect,선출하다
orbit,궤도
buyer,구매자
sketch,"스케치, 개요"
magnificent,"장엄한, 훌륭한"
flavor,"맛, 풍미"
supportive,"지지하는, 도움을 주는"
measurement,"측정, 치수"
monumentality,기념비적 성격
surplice,중백의(성직자 의복)
splay,"벌리다, 펼치다"
presuppose,전제로 하다
meritocratic,능력주의의
nonchalance,"무관심, 냉담"
unsettle,동요시키다
intricacy,복잡함
pollinator,수분 매개자
compulsively,강박적으로
popularize,대중화하다
monopolize,독점하다
regretfully,유감스럽게도
attentively,주의 깊게
anesthesiology,마취학
acquaint,"익히게 하다, 숙지시키다"
droop,축 늘어지다
honeybee,꿀벌
vindicate,정당성을 입증하다
meritocracy,능력주의
enchant,매혹하다
irrigate,관개하다
millisecond,1000분의 1초
halve,반으로 줄이다
lyre,리라(현악기)
hardwired,"타고난, 내장된"
regress,퇴보하다
wildflower,야생화
photocopy,복사(하다)
entitle,"자격을 주다, 제목을 붙이다"
fugue,"푸가, 서곡"
biome,생물군계
abatement,"감소, 완화"
unconcerned,무관심한
immediacy,즉시성
enclose,"둘러싸다, 동봉하다"
reciprocate,"화답하다, 보답하다"
osmosis,삼투(작용)
multifaceted,다면적인
overestimate,과대평가하다
necessitate,필요하게 만들다
precede,"선행하다, 앞서다"
tingle,따끔거리다
imprison,투옥하다
biosphere,생물권
geometrical,기하학적인
pelt,"가죽, 모피"
mangrove,맹그로브
expend,"소비하다, 쓰다"
snub,"무시하다, 냉대하다"
nonpartisan,초당파적인
alumnus,"졸업생, 동문"
categorize,분류하다
confine,"국한시키다, 가두다"
underprivileged,"혜택을 못 받는, 불우한"
impair,손상시키다
chewy,쫄깃한
thump,쿵 소리를 내다
lexical,어휘의
aristocrat,귀족
unresponsive,반응하지 않는
individualism,개인주의
innovator,혁신가
decode,해독하다
graze,"풀을 뜯다, 방목하다"
improvise,즉흥적으로 하다
olfactory,후각의
stave,"막다, 저지하다"
cramp,경련
utilitarian,"공리주의의, 실용적인"
persistently,끈질기게
unruly,"제멋대로인, 다루기 힘든"
evaporation,증발
humiliate,굴욕감을 주다
tirelessly,지칠 줄 모르고
gravely,심각하게
oblige,"의무를 지우다, 돕다"
tactile,촉각의
flicker,깜박거리다
pellet,"알갱이, 작은 덩어리"
predictor,예측 변수
wondrous,경이로운
wetland,습지
furnish,"비치하다, 갖추다"
displeasure,불쾌감
outburst,"폭발, 분출"
astronomer,천문학자
socialize,"사회화하다, 어울리다"
pathogen,병원균
circulate,"순환하다, 유통되다"
delicacy,"섬세함, 진미"
imposition,"부과, 강요"
curiously,"신기하게도, 호기심에"
entail,"수반하다, 내포하다"
craftsman,"장인, 기능공"
homogeneous,동질적인
inorganic,무기물의
fragmentation,"분열, 파편화"
discern,"식별하다, 분간하다"
summarize,요약하다
liberate,해방시키다
payoff,"보상, 이득"
equator,적도
outweigh,"능가하다, ~보다 더 크다"
faithfully,충실하게
reassurance,안심시킴
encompass,"포함하다, 아우르다"
youngster,"젊은이, 아이"
eyesight,시력
allocate,할당하다
baroque,바로크 양식의
sideline,"부업, 사이드라인"
syllable,음절
eyewitness,목격자
hardwood,"활엽수, 단단한 목재"
shortcut,지름길
awaken,"깨우다, 일깨우다"
undesirable,바람직하지 않은
souvenir,기념품
intrigue,"흥미를 불러일으키다, 음모"
hallmark,"특징, 특질"
identifiable,식별 가능한
elevate,"높이다, 승격시키다"
rhythmic,리듬감 있는
evade,"피하다, 회피하다"
hinder,방해하다
overflow,넘치다
soar,"치솟다, 급증하다"
newcomer,새로 온 사람
conceive,"상상하다, 임신하다"
coarse,거친
artifact,"인공물, 유물"
verbally,"언어로, 구두로"
physicist,물리학자
fertilizer,비료
defy,"저항하다, 거역하다"
enact,"제정하다, 규정하다"
stereotype,고정관념
reluctantly,마지못해
unfold,"펼쳐지다, 전개되다"
stabilize,안정시키다
roam,돌아다니다
plight,"곤경, 어려운 처지"
mitigation,"완화, 경감"
existential,실존적인
vaguely,막연하게
pollen,꽃가루
innate,"타고난, 선천적인"
teamwork,"협동, 팀워크"
wrestle,"씨름하다, 몸싸움하다"
intellect,"지성, 지적 능력"
tariff,관세
unconditional,무조건적인
cling,"매달리다, 집착하다"
odor,냄새
mimic,흉내내다
hive,벌집
overload,과부하를 주다
equip,갖추게 하다
profitability,수익성
synonymous,"동의어의, 같은 뜻의"
inexperienced,경험이 부족한
consciously,의식적으로
provoke,"유발하다, 자극하다"
profoundly,"깊이, 심오하게"
accessibility,접근성
oversee,감독하다
usher,"안내하다, 이끌다"
prohibit,금지하다
aloud,소리 내어
ultrasound,초음파
quotation,인용(문)
outward,"겉으로 드러난, 외부의"
stricken,"고통받는, 시달리는"
sensational,"선풍적인, 세간의 이목을 끄는"
conceal,"숨기다, 감추다"
curl,"곱슬거리다, 말다"
flourish,번성하다
recess,"휴식, 휴회"
persist,"지속하다, 고집하다"
rebound,"되튀다, 반등하다"
maneuver,"책략, 조작하다"
mitigate,완화하다
invaluable,매우 귀중한
prevail,"만연하다, 우세하다"
intricate,"복잡한, 정교한"
portrayal,"묘사, 표현"
follower,"추종자, 팔로워"
blush,얼굴을 붉히다
calmly,침착하게
repetitive,반복적인
latitude,"위도, 허용 범위"
dwell,"거주하다, 머무르다"
satisfactory,만족스러운
willingly,기꺼이
similarity,유사성
vibration,진동
compatibility,"양립성, 호환성"
courageous,용감한
multitude,"다수, 대다수"
authenticity,"진정성, 진짜임"
breathtaking,숨이 멎을 듯한
emerald,"에메랄드, 짙은 녹색"
agony,"고통, 괴로움"
internship,인턴십
filmmaker,영화 제작자
vastly,"대단히, 엄청나게"
paradox,역설
cultivation,"경작, 재배, 함양"
reproduce,"재생하다, 번식하다"
temporal,"시간의, 세속적인"
gigantic,거대한
reconsider,재고하다
mileage,"주행거리, 마일리지"
viewpoint,관점
hugely,엄청나게
chord,"화음, 코드"
